Filename,Predictions
ALBATROSS\1.jpg,PELICAN
ALBATROSS\2.jpg,ALBATROSS
ALBATROSS\3.jpg,TRUMPTER SWAN
ALBATROSS\4.jpg,TRUMPTER SWAN
ALBATROSS\5.jpg,BAR-TAILED GODWIT
ALEXANDRINE PARAKEET\1.jpg,ALEXANDRINE PARAKEET
ALEXANDRINE PARAKEET\2.jpg,ROSY FACED LOVEBIRD
ALEXANDRINE PARAKEET\3.jpg,ALEXANDRINE PARAKEET
ALEXANDRINE PARAKEET\4.jpg,ANNAS HUMMINGBIRD
ALEXANDRINE PARAKEET\5.jpg,ALEXANDRINE PARAKEET
AMERICAN AVOCET\1.jpg,AMERICAN AVOCET
AMERICAN AVOCET\2.jpg,JABIRU
AMERICAN AVOCET\3.jpg,AMERICAN AVOCET
AMERICAN AVOCET\4.jpg,AMERICAN AVOCET
AMERICAN AVOCET\5.jpg,AMERICAN AVOCET
AMERICAN BITTERN\1.jpg,HAWAIIAN GOOSE
AMERICAN BITTERN\2.jpg,BROWN THRASHER
AMERICAN BITTERN\3.jpg,AMERICAN BITTERN
AMERICAN BITTERN\4.jpg,BROWN THRASHER
AMERICAN BITTERN\5.jpg,LONG-EARED OWL
AMERICAN COOT\1.jpg,AMERICAN COOT
AMERICAN COOT\2.jpg,AMERICAN COOT
AMERICAN COOT\3.jpg,AMERICAN COOT
AMERICAN COOT\4.jpg,AMERICAN COOT
AMERICAN COOT\5.jpg,AMERICAN COOT
AMERICAN GOLDFINCH\1.jpg,AMERICAN GOLDFINCH
AMERICAN GOLDFINCH\2.jpg,AMERICAN GOLDFINCH
AMERICAN GOLDFINCH\3.jpg,AMERICAN GOLDFINCH
AMERICAN GOLDFINCH\4.jpg,AMERICAN GOLDFINCH
AMERICAN GOLDFINCH\5.jpg,AMERICAN GOLDFINCH
AMERICAN KESTREL\1.jpg,BARN OWL
AMERICAN KESTREL\2.jpg,PEREGRINE FALCON
AMERICAN KESTREL\3.jpg,AMERICAN KESTREL
AMERICAN KESTREL\4.jpg,AMERICAN KESTREL
AMERICAN KESTREL\5.jpg,AMERICAN KESTREL
AMERICAN REDSTART\1.jpg,AMERICAN REDSTART
AMERICAN REDSTART\2.jpg,AMERICAN REDSTART
AMERICAN REDSTART\3.jpg,DARK EYED JUNCO
AMERICAN REDSTART\4.jpg,COUCHS KINGBIRD
AMERICAN REDSTART\5.jpg,AMERICAN REDSTART
ANHINGA\1.jpg,ANHINGA
ANHINGA\2.jpg,HOOPOES
ANHINGA\3.jpg,ANHINGA
ANHINGA\4.jpg,ROUGH LEG BUZZARD
ANHINGA\5.jpg,ANHINGA
ANNAS HUMMINGBIRD\1.jpg,ANNAS HUMMINGBIRD
ANNAS HUMMINGBIRD\2.jpg,ANNAS HUMMINGBIRD
ANNAS HUMMINGBIRD\3.jpg,ANNAS HUMMINGBIRD
ANNAS HUMMINGBIRD\4.jpg,ANNAS HUMMINGBIRD
ANNAS HUMMINGBIRD\5.jpg,ANNAS HUMMINGBIRD
BALD EAGLE\1.jpg,BALD EAGLE
BALD EAGLE\2.jpg,BALD EAGLE
BALD EAGLE\3.jpg,BALD EAGLE
BALD EAGLE\4.jpg,OSTRICH
BALD EAGLE\5.jpg,COCKATOO
BALTIMORE ORIOLE\1.jpg,BALTIMORE ORIOLE
BALTIMORE ORIOLE\2.jpg,BALTIMORE ORIOLE
BALTIMORE ORIOLE\3.jpg,BALTIMORE ORIOLE
BALTIMORE ORIOLE\4.jpg,BALTIMORE ORIOLE
BALTIMORE ORIOLE\5.jpg,BALTIMORE ORIOLE
BANANAQUIT\1.jpg,CAPE MAY WARBLER
BANANAQUIT\2.jpg,BANANAQUIT
BANANAQUIT\3.jpg,BANANAQUIT
BANANAQUIT\4.jpg,PARUS MAJOR
BANANAQUIT\5.jpg,BANANAQUIT
BAR-TAILED GODWIT\1.jpg,GREY PLOVER
BAR-TAILED GODWIT\2.jpg,BAR-TAILED GODWIT
BAR-TAILED GODWIT\3.jpg,BAR-TAILED GODWIT
BAR-TAILED GODWIT\4.jpg,BAR-TAILED GODWIT
BAR-TAILED GODWIT\5.jpg,AMERICAN BITTERN
BARN OWL\1.jpg,PEREGRINE FALCON
BARN OWL\2.jpg,BLACK SKIMMER
BARN OWL\3.jpg,BARN OWL
BARN OWL\4.jpg,NORTHERN MOCKINGBIRD
BARN OWL\5.jpg,CHIPPING SPARROW
BARN SWALLOW\1.jpg,BARN SWALLOW
BARN SWALLOW\2.jpg,BARN SWALLOW
BARN SWALLOW\3.jpg,BARN SWALLOW
BARN SWALLOW\4.jpg,BARN SWALLOW
BARN SWALLOW\5.jpg,BARN SWALLOW
BAY-BREASTED WARBLER\1.jpg,BAY-BREASTED WARBLER
BAY-BREASTED WARBLER\2.jpg,GREY PLOVER
BAY-BREASTED WARBLER\3.jpg,BAY-BREASTED WARBLER
BAY-BREASTED WARBLER\4.jpg,BAY-BREASTED WARBLER
BAY-BREASTED WARBLER\5.jpg,BAY-BREASTED WARBLER
BELTED KINGFISHER\1.jpg,BELTED KINGFISHER
BELTED KINGFISHER\2.jpg,BELTED KINGFISHER
BELTED KINGFISHER\3.jpg,MANDRIN DUCK
BELTED KINGFISHER\4.jpg,BLACK-CAPPED CHICKADEE
BELTED KINGFISHER\5.jpg,BELTED KINGFISHER
BIRD OF PARADISE\1.jpg,GRAY PARTRIDGE
BIRD OF PARADISE\2.jpg,BIRD OF PARADISE
BIRD OF PARADISE\3.jpg,BIRD OF PARADISE
BIRD OF PARADISE\4.jpg,BIRD OF PARADISE
BIRD OF PARADISE\5.jpg,BIRD OF PARADISE
BLACK FRANCOLIN\1.jpg,COMMON POORWILL
BLACK FRANCOLIN\2.jpg,NORTHERN FLICKER
BLACK FRANCOLIN\3.jpg,BLACK FRANCOLIN
BLACK FRANCOLIN\4.jpg,BLACK FRANCOLIN
BLACK FRANCOLIN\5.jpg,BLACK FRANCOLIN
BLACK SKIMMER\1.jpg,PUFFIN
BLACK SKIMMER\2.jpg,ELEGANT TROGON
BLACK SKIMMER\3.jpg,AMERICAN AVOCET
BLACK SKIMMER\4.jpg,BLACK SKIMMER
BLACK SKIMMER\5.jpg,OSPREY
BLACK SWAN\1.jpg,BLACK SWAN
BLACK SWAN\2.jpg,BLACK SWAN
BLACK SWAN\3.jpg,BLACK SWAN
BLACK SWAN\4.jpg,BLACK SWAN
BLACK SWAN\5.jpg,BLACK SWAN
BLACK-CAPPED CHICKADEE\1.jpg,BLACK-CAPPED CHICKADEE
BLACK-CAPPED CHICKADEE\2.jpg,PARUS MAJOR
BLACK-CAPPED CHICKADEE\3.jpg,BLACK-CAPPED CHICKADEE
BLACK-CAPPED CHICKADEE\4.jpg,BLACK-CAPPED CHICKADEE
BLACK-CAPPED CHICKADEE\5.jpg,BLACK-CAPPED CHICKADEE
BLACK-NECKED GREBE\1.jpg,BLACK-NECKED GREBE
BLACK-NECKED GREBE\2.jpg,BLACK-NECKED GREBE
BLACK-NECKED GREBE\3.jpg,BLACK-NECKED GREBE
BLACK-NECKED GREBE\4.jpg,CALIFORNIA CONDOR
BLACK-NECKED GREBE\5.jpg,CRESTED AUKLET
BLACKBURNIAM WARBLER\1.jpg,BLACKBURNIAM WARBLER
BLACKBURNIAM WARBLER\2.jpg,CAPE MAY WARBLER
BLACKBURNIAM WARBLER\3.jpg,BLACKBURNIAM WARBLER
BLACKBURNIAM WARBLER\4.jpg,BLACKBURNIAM WARBLER
BLACKBURNIAM WARBLER\5.jpg,BLACKBURNIAM WARBLER
BLUE HERON\1.jpg,PEREGRINE FALCON
BLUE HERON\2.jpg,CROWNED PIGEON
BLUE HERON\3.jpg,PURPLE SWAMPHEN
BLUE HERON\4.jpg,ANHINGA
BLUE HERON\5.jpg,ROADRUNNER
BOBOLINK\1.jpg,BLACK FRANCOLIN
BOBOLINK\2.jpg,BOBOLINK
BOBOLINK\3.jpg,BOBOLINK
BOBOLINK\4.jpg,BOBOLINK
BOBOLINK\5.jpg,AMERICAN BITTERN
BROWN THRASHER\1.jpg,GRAY PARTRIDGE
BROWN THRASHER\2.jpg,COMMON POORWILL
BROWN THRASHER\3.jpg,CHIPPING SPARROW
BROWN THRASHER\4.jpg,HOUSE SPARROW
BROWN THRASHER\5.jpg,COMMON POORWILL
CACTUS WREN\1.jpg,CACTUS WREN
CACTUS WREN\2.jpg,CACTUS WREN
CACTUS WREN\3.jpg,CACTUS WREN
CACTUS WREN\4.jpg,AMERICAN BITTERN
CACTUS WREN\5.jpg,CACTUS WREN
CALIFORNIA CONDOR\1.jpg,BALD EAGLE
CALIFORNIA CONDOR\2.jpg,CALIFORNIA CONDOR
CALIFORNIA CONDOR\3.jpg,GRAY PARTRIDGE
CALIFORNIA CONDOR\4.jpg,CALIFORNIA CONDOR
CALIFORNIA CONDOR\5.jpg,TURKEY VULTURE
CALIFORNIA GULL\1.jpg,CALIFORNIA GULL
CALIFORNIA GULL\2.jpg,CALIFORNIA GULL
CALIFORNIA GULL\3.jpg,CALIFORNIA GULL
CALIFORNIA GULL\4.jpg,CALIFORNIA GULL
CALIFORNIA GULL\5.jpg,CALIFORNIA GULL
CALIFORNIA QUAIL\1.jpg,CALIFORNIA QUAIL
CALIFORNIA QUAIL\2.jpg,CALIFORNIA QUAIL
CALIFORNIA QUAIL\3.jpg,PEREGRINE FALCON
CALIFORNIA QUAIL\4.jpg,CALIFORNIA QUAIL
CALIFORNIA QUAIL\5.jpg,CALIFORNIA QUAIL
CAPE MAY WARBLER\1.jpg,BAY-BREASTED WARBLER
CAPE MAY WARBLER\2.jpg,CAPE MAY WARBLER
CAPE MAY WARBLER\3.jpg,CAPE MAY WARBLER
CAPE MAY WARBLER\4.jpg,CAPE MAY WARBLER
CAPE MAY WARBLER\5.jpg,CAPE MAY WARBLER
CHARA DE COLLAR\1.jpg,VIOLET GREEN SWALLOW
CHARA DE COLLAR\2.jpg,CHARA DE COLLAR
CHARA DE COLLAR\3.jpg,CHARA DE COLLAR
CHARA DE COLLAR\4.jpg,CHARA DE COLLAR
CHARA DE COLLAR\5.jpg,CHARA DE COLLAR
CHIPPING SPARROW\1.jpg,CHIPPING SPARROW
CHIPPING SPARROW\2.jpg,CHIPPING SPARROW
CHIPPING SPARROW\3.jpg,CHIPPING SPARROW
CHIPPING SPARROW\4.jpg,CHIPPING SPARROW
CHIPPING SPARROW\5.jpg,BAR-TAILED GODWIT
CINNAMON TEAL\1.jpg,CINNAMON TEAL
CINNAMON TEAL\2.jpg,CINNAMON TEAL
CINNAMON TEAL\3.jpg,CINNAMON TEAL
CINNAMON TEAL\4.jpg,BLACK-NECKED GREBE
CINNAMON TEAL\5.jpg,CINNAMON TEAL
COCK OF THE  ROCK\1.jpg,COCK OF THE  ROCK
COCK OF THE  ROCK\2.jpg,COCK OF THE  ROCK
COCK OF THE  ROCK\3.jpg,COCK OF THE  ROCK
COCK OF THE  ROCK\4.jpg,COCK OF THE  ROCK
COCK OF THE  ROCK\5.jpg,STRAWBERRY FINCH
COCKATOO\1.jpg,COCKATOO
COCKATOO\2.jpg,GRAY CATBIRD
COCKATOO\3.jpg,COCKATOO
COCKATOO\4.jpg,COCKATOO
COCKATOO\5.jpg,COCKATOO
COMMON GRACKLE\1.jpg,COMMON GRACKLE
COMMON GRACKLE\2.jpg,COMMON GRACKLE
COMMON GRACKLE\3.jpg,COMMON GRACKLE
COMMON GRACKLE\4.jpg,COMMON GRACKLE
COMMON GRACKLE\5.jpg,COMMON GRACKLE
COMMON LOON\1.jpg,COMMON LOON
COMMON LOON\2.jpg,COMMON LOON
COMMON LOON\3.jpg,GLOSSY IBIS
COMMON LOON\4.jpg,COMMON LOON
COMMON LOON\5.jpg,ANHINGA
COMMON POORWILL\1.jpg,COMMON POORWILL
COMMON POORWILL\2.jpg,COMMON POORWILL
COMMON POORWILL\3.jpg,COMMON POORWILL
COMMON POORWILL\4.jpg,COMMON POORWILL
COMMON POORWILL\5.jpg,COMMON POORWILL
COMMON STARLING\1.jpg,COMMON STARLING
COMMON STARLING\2.jpg,BLACK FRANCOLIN
COMMON STARLING\3.jpg,COMMON STARLING
COMMON STARLING\4.jpg,COMMON STARLING
COMMON STARLING\5.jpg,COMMON STARLING
COUCHS KINGBIRD\1.jpg,COUCHS KINGBIRD
COUCHS KINGBIRD\2.jpg,COUCHS KINGBIRD
COUCHS KINGBIRD\3.jpg,TIT MOUSE
COUCHS KINGBIRD\4.jpg,COUCHS KINGBIRD
COUCHS KINGBIRD\5.jpg,COUCHS KINGBIRD
CRESTED AUKLET\1.jpg,CRESTED AUKLET
CRESTED AUKLET\2.jpg,CRESTED AUKLET
CRESTED AUKLET\3.jpg,CRESTED AUKLET
CRESTED AUKLET\4.jpg,CRESTED AUKLET
CRESTED AUKLET\5.jpg,CRESTED AUKLET
CRESTED CARACARA\1.jpg,CRESTED CARACARA
CRESTED CARACARA\2.jpg,CRESTED CARACARA
CRESTED CARACARA\3.jpg,CRESTED CARACARA
CRESTED CARACARA\4.jpg,AMERICAN KESTREL
CRESTED CARACARA\5.jpg,CRESTED CARACARA
CROW\1.jpg,BALD EAGLE
CROW\2.jpg,CROW
CROW\3.jpg,COMMON GRACKLE
CROW\4.jpg,CROW
CROW\5.jpg,CROW
CROWNED PIGEON\1.jpg,CROWNED PIGEON
CROWNED PIGEON\2.jpg,GRAY CATBIRD
CROWNED PIGEON\3.jpg,COMMON GRACKLE
CROWNED PIGEON\4.jpg,CROWNED PIGEON
CROWNED PIGEON\5.jpg,BLUE HERON
CURL CRESTED ARACURI\1.jpg,CURL CRESTED ARACURI
CURL CRESTED ARACURI\2.jpg,CURL CRESTED ARACURI
CURL CRESTED ARACURI\3.jpg,CURL CRESTED ARACURI
CURL CRESTED ARACURI\4.jpg,CURL CRESTED ARACURI
CURL CRESTED ARACURI\5.jpg,CURL CRESTED ARACURI
DARK EYED JUNCO\1.jpg,DARK EYED JUNCO
DARK EYED JUNCO\2.jpg,GRAY CATBIRD
DARK EYED JUNCO\3.jpg,GRAY CATBIRD
DARK EYED JUNCO\4.jpg,DARK EYED JUNCO
DARK EYED JUNCO\5.jpg,DARK EYED JUNCO
DOWNY WOODPECKER\1.jpg,DOWNY WOODPECKER
DOWNY WOODPECKER\2.jpg,DOWNY WOODPECKER
DOWNY WOODPECKER\3.jpg,DOWNY WOODPECKER
DOWNY WOODPECKER\4.jpg,DOWNY WOODPECKER
DOWNY WOODPECKER\5.jpg,DOWNY WOODPECKER
EASTERN BLUEBIRD\1.jpg,EASTERN BLUEBIRD
EASTERN BLUEBIRD\2.jpg,EASTERN BLUEBIRD
EASTERN BLUEBIRD\3.jpg,EASTERN BLUEBIRD
EASTERN BLUEBIRD\4.jpg,EASTERN BLUEBIRD
EASTERN BLUEBIRD\5.jpg,EASTERN BLUEBIRD
EASTERN ROSELLA\1.jpg,EASTERN ROSELLA
EASTERN ROSELLA\2.jpg,EASTERN ROSELLA
EASTERN ROSELLA\3.jpg,EASTERN ROSELLA
EASTERN ROSELLA\4.jpg,HOUSE FINCH
EASTERN ROSELLA\5.jpg,EASTERN ROSELLA
EASTERN TOWEE\1.jpg,EASTERN TOWEE
EASTERN TOWEE\2.jpg,EASTERN TOWEE
EASTERN TOWEE\3.jpg,PUFFIN
EASTERN TOWEE\4.jpg,EASTERN TOWEE
EASTERN TOWEE\5.jpg,EASTERN TOWEE
ELEGANT TROGON\1.jpg,GOLDEN PHEASANT
ELEGANT TROGON\2.jpg,ELEGANT TROGON
ELEGANT TROGON\3.jpg,ELEGANT TROGON
ELEGANT TROGON\4.jpg,ELEGANT TROGON
ELEGANT TROGON\5.jpg,ELEGANT TROGON
EMPEROR PENGUIN\1.jpg,EMPEROR PENGUIN
EMPEROR PENGUIN\2.jpg,EMPEROR PENGUIN
EMPEROR PENGUIN\3.jpg,EMPEROR PENGUIN
EMPEROR PENGUIN\4.jpg,EMPEROR PENGUIN
EMPEROR PENGUIN\5.jpg,EMPEROR PENGUIN
EVENING GROSBEAK\1.jpg,EVENING GROSBEAK
EVENING GROSBEAK\2.jpg,AMERICAN GOLDFINCH
EVENING GROSBEAK\3.jpg,EVENING GROSBEAK
EVENING GROSBEAK\4.jpg,EVENING GROSBEAK
EVENING GROSBEAK\5.jpg,EVENING GROSBEAK
FLAME TANAGER\1.jpg,FLAME TANAGER
FLAME TANAGER\2.jpg,HOUSE FINCH
FLAME TANAGER\3.jpg,FLAME TANAGER
FLAME TANAGER\4.jpg,FLAME TANAGER
FLAME TANAGER\5.jpg,FLAME TANAGER
FLAMINGO\1.jpg,FLAMINGO
FLAMINGO\2.jpg,FLAMINGO
FLAMINGO\3.jpg,FLAMINGO
FLAMINGO\4.jpg,CALIFORNIA CONDOR
FLAMINGO\5.jpg,PURPLE FINCH
FRIGATE\1.jpg,COMMON LOON
FRIGATE\2.jpg,ELEGANT TROGON
FRIGATE\3.jpg,RED FACED CORMORANT
FRIGATE\4.jpg,SCARLET IBIS
FRIGATE\5.jpg,FRIGATE
GLOSSY IBIS\1.jpg,GLOSSY IBIS
GLOSSY IBIS\2.jpg,FLAMINGO
GLOSSY IBIS\3.jpg,GRAY PARTRIDGE
GLOSSY IBIS\4.jpg,BLACK SKIMMER
GLOSSY IBIS\5.jpg,GLOSSY IBIS
GOLD WING WARBLER\1.jpg,COUCHS KINGBIRD
GOLD WING WARBLER\2.jpg,GOLD WING WARBLER
GOLD WING WARBLER\3.jpg,GOLD WING WARBLER
GOLD WING WARBLER\4.jpg,GOLD WING WARBLER
GOLD WING WARBLER\5.jpg,BLACKBURNIAM WARBLER
GOLDEN CHLOROPHONIA\1.jpg,GOLDEN CHLOROPHONIA
GOLDEN CHLOROPHONIA\2.jpg,GOLDEN CHLOROPHONIA
GOLDEN CHLOROPHONIA\3.jpg,GOLDEN CHLOROPHONIA
GOLDEN CHLOROPHONIA\4.jpg,GOLDEN CHLOROPHONIA
GOLDEN CHLOROPHONIA\5.jpg,GOLDEN CHLOROPHONIA
GOLDEN EAGLE\1.jpg,GOLDEN EAGLE
GOLDEN EAGLE\2.jpg,RED FACED CORMORANT
GOLDEN EAGLE\3.jpg,ROUGH LEG BUZZARD
GOLDEN EAGLE\4.jpg,TURKEY VULTURE
GOLDEN EAGLE\5.jpg,AMERICAN BITTERN
GOLDEN PHEASANT\1.jpg,GOLDEN PHEASANT
GOLDEN PHEASANT\2.jpg,BIRD OF PARADISE
GOLDEN PHEASANT\3.jpg,BROWN THRASHER
GOLDEN PHEASANT\4.jpg,NORTHERN CARDINAL
GOLDEN PHEASANT\5.jpg,GOLDEN PHEASANT
GOULDIAN FINCH\1.jpg,GOULDIAN FINCH
GOULDIAN FINCH\2.jpg,GOULDIAN FINCH
GOULDIAN FINCH\3.jpg,GOULDIAN FINCH
GOULDIAN FINCH\4.jpg,GOULDIAN FINCH
GOULDIAN FINCH\5.jpg,ROSY FACED LOVEBIRD
GRAY CATBIRD\1.jpg,GRAY CATBIRD
GRAY CATBIRD\2.jpg,GRAY CATBIRD
GRAY CATBIRD\3.jpg,GRAY CATBIRD
GRAY CATBIRD\4.jpg,GRAY CATBIRD
GRAY CATBIRD\5.jpg,GRAY CATBIRD
GRAY PARTRIDGE\1.jpg,COMMON POORWILL
GRAY PARTRIDGE\2.jpg,ROADRUNNER
GRAY PARTRIDGE\3.jpg,COMMON POORWILL
GRAY PARTRIDGE\4.jpg,BAR-TAILED GODWIT
GRAY PARTRIDGE\5.jpg,GRAY PARTRIDGE
GREEN JAY\1.jpg,GREEN JAY
GREEN JAY\2.jpg,GREEN JAY
GREEN JAY\3.jpg,GREEN JAY
GREEN JAY\4.jpg,GREEN JAY
GREEN JAY\5.jpg,GREEN JAY
GREY PLOVER\1.jpg,GREY PLOVER
GREY PLOVER\2.jpg,CHIPPING SPARROW
GREY PLOVER\3.jpg,GREY PLOVER
GREY PLOVER\4.jpg,GREY PLOVER
GREY PLOVER\5.jpg,GREY PLOVER
HAWAIIAN GOOSE\1.jpg,HAWAIIAN GOOSE
HAWAIIAN GOOSE\2.jpg,HAWAIIAN GOOSE
HAWAIIAN GOOSE\3.jpg,CALIFORNIA GULL
HAWAIIAN GOOSE\4.jpg,LONG-EARED OWL
HAWAIIAN GOOSE\5.jpg,HAWAIIAN GOOSE
HOODED MERGANSER\1.jpg,MARABOU STORK
HOODED MERGANSER\2.jpg,HOODED MERGANSER
HOODED MERGANSER\3.jpg,HOODED MERGANSER
HOODED MERGANSER\4.jpg,DARK EYED JUNCO
HOODED MERGANSER\5.jpg,HOODED MERGANSER
HOOPOES\1.jpg,HOOPOES
HOOPOES\2.jpg,HOOPOES
HOOPOES\3.jpg,HOOPOES
HOOPOES\4.jpg,HOOPOES
HOOPOES\5.jpg,BLACK FRANCOLIN
HOUSE FINCH\1.jpg,HOUSE FINCH
HOUSE FINCH\2.jpg,HOUSE FINCH
HOUSE FINCH\3.jpg,HOUSE FINCH
HOUSE FINCH\4.jpg,HOUSE FINCH
HOUSE FINCH\5.jpg,HOUSE FINCH
HOUSE SPARROW\1.jpg,CHIPPING SPARROW
HOUSE SPARROW\2.jpg,CHIPPING SPARROW
HOUSE SPARROW\3.jpg,HOUSE SPARROW
HOUSE SPARROW\4.jpg,CHIPPING SPARROW
HOUSE SPARROW\5.jpg,HOUSE SPARROW
HYACINTH MACAW\1.jpg,HYACINTH MACAW
HYACINTH MACAW\2.jpg,HYACINTH MACAW
HYACINTH MACAW\3.jpg,HYACINTH MACAW
HYACINTH MACAW\4.jpg,HYACINTH MACAW
HYACINTH MACAW\5.jpg,HYACINTH MACAW
INDIGO BUNTING\1.jpg,INDIGO BUNTING
INDIGO BUNTING\2.jpg,INDIGO BUNTING
INDIGO BUNTING\3.jpg,CROWNED PIGEON
INDIGO BUNTING\4.jpg,INDIGO BUNTING
INDIGO BUNTING\5.jpg,INDIGO BUNTING
JABIRU\1.jpg,JABIRU
JABIRU\2.jpg,JABIRU
JABIRU\3.jpg,ELEGANT TROGON
JABIRU\4.jpg,JABIRU
JABIRU\5.jpg,JABIRU
LARK BUNTING\1.jpg,COMMON POORWILL
LARK BUNTING\2.jpg,LARK BUNTING
LARK BUNTING\3.jpg,LARK BUNTING
LARK BUNTING\4.jpg,CHIPPING SPARROW
LARK BUNTING\5.jpg,LARK BUNTING
LILAC ROLLER\1.jpg,VIOLET GREEN SWALLOW
LILAC ROLLER\2.jpg,LILAC ROLLER
LILAC ROLLER\3.jpg,LILAC ROLLER
LILAC ROLLER\4.jpg,LILAC ROLLER
LILAC ROLLER\5.jpg,LILAC ROLLER
LONG-EARED OWL\1.jpg,LONG-EARED OWL
LONG-EARED OWL\2.jpg,LONG-EARED OWL
LONG-EARED OWL\3.jpg,COMMON POORWILL
LONG-EARED OWL\4.jpg,COMMON POORWILL
LONG-EARED OWL\5.jpg,ROUGH LEG BUZZARD
MALLARD DUCK\1.jpg,HAWAIIAN GOOSE
MALLARD DUCK\2.jpg,MALLARD DUCK
MALLARD DUCK\3.jpg,WOOD DUCK
MALLARD DUCK\4.jpg,MALLARD DUCK
MALLARD DUCK\5.jpg,ROUGH LEG BUZZARD
MANDRIN DUCK\1.jpg,MANDRIN DUCK
MANDRIN DUCK\2.jpg,MANDRIN DUCK
MANDRIN DUCK\3.jpg,MANDRIN DUCK
MANDRIN DUCK\4.jpg,MANDRIN DUCK
MANDRIN DUCK\5.jpg,MANDRIN DUCK
MARABOU STORK\1.jpg,MARABOU STORK
MARABOU STORK\2.jpg,PURPLE FINCH
MARABOU STORK\3.jpg,BAR-TAILED GODWIT
MARABOU STORK\4.jpg,PELICAN
MARABOU STORK\5.jpg,MARABOU STORK
MOURNING DOVE\1.jpg,ROADRUNNER
MOURNING DOVE\2.jpg,MOURNING DOVE
MOURNING DOVE\3.jpg,DARK EYED JUNCO
MOURNING DOVE\4.jpg,DARK EYED JUNCO
MOURNING DOVE\5.jpg,BARN OWL
MYNA\1.jpg,MYNA
MYNA\2.jpg,CRESTED CARACARA
MYNA\3.jpg,MYNA
MYNA\4.jpg,MYNA
MYNA\5.jpg,MYNA
NICOBAR PIGEON\1.jpg,NICOBAR PIGEON
NICOBAR PIGEON\2.jpg,ROSY FACED LOVEBIRD
NICOBAR PIGEON\3.jpg,GRAY PARTRIDGE
NICOBAR PIGEON\4.jpg,NICOBAR PIGEON
NICOBAR PIGEON\5.jpg,GREEN JAY
NORTHERN CARDINAL\1.jpg,NORTHERN CARDINAL
NORTHERN CARDINAL\2.jpg,NORTHERN CARDINAL
NORTHERN CARDINAL\3.jpg,HOUSE FINCH
NORTHERN CARDINAL\4.jpg,BROWN THRASHER
NORTHERN CARDINAL\5.jpg,BARN SWALLOW
NORTHERN FLICKER\1.jpg,NORTHERN FLICKER
NORTHERN FLICKER\2.jpg,NORTHERN FLICKER
NORTHERN FLICKER\3.jpg,NORTHERN FLICKER
NORTHERN FLICKER\4.jpg,VARIED THRUSH
NORTHERN FLICKER\5.jpg,NORTHERN FLICKER
NORTHERN GOSHAWK\1.jpg,COMMON POORWILL
NORTHERN GOSHAWK\2.jpg,LONG-EARED OWL
NORTHERN GOSHAWK\3.jpg,COCKATOO
NORTHERN GOSHAWK\4.jpg,HOUSE FINCH
NORTHERN GOSHAWK\5.jpg,COMMON POORWILL
NORTHERN JACANA\1.jpg,NORTHERN JACANA
NORTHERN JACANA\2.jpg,NORTHERN JACANA
NORTHERN JACANA\3.jpg,NORTHERN JACANA
NORTHERN JACANA\4.jpg,NORTHERN JACANA
NORTHERN JACANA\5.jpg,MYNA
NORTHERN MOCKINGBIRD\1.jpg,ROUGH LEG BUZZARD
NORTHERN MOCKINGBIRD\2.jpg,MOURNING DOVE
NORTHERN MOCKINGBIRD\3.jpg,DOWNY WOODPECKER
NORTHERN MOCKINGBIRD\4.jpg,CHIPPING SPARROW
NORTHERN MOCKINGBIRD\5.jpg,GRAY CATBIRD
NORTHERN RED BISHOP\1.jpg,NORTHERN RED BISHOP
NORTHERN RED BISHOP\2.jpg,NORTHERN RED BISHOP
NORTHERN RED BISHOP\3.jpg,NORTHERN RED BISHOP
NORTHERN RED BISHOP\4.jpg,NORTHERN RED BISHOP
NORTHERN RED BISHOP\5.jpg,NORTHERN RED BISHOP
OSPREY\1.jpg,OSPREY
OSPREY\2.jpg,ROADRUNNER
OSPREY\3.jpg,OSPREY
OSPREY\4.jpg,MYNA
OSPREY\5.jpg,OSPREY
OSTRICH\1.jpg,OSTRICH
OSTRICH\2.jpg,OSTRICH
OSTRICH\3.jpg,OSTRICH
OSTRICH\4.jpg,OSTRICH
OSTRICH\5.jpg,OSTRICH
PAINTED BUNTIG\1.jpg,PAINTED BUNTIG
PAINTED BUNTIG\2.jpg,PAINTED BUNTIG
PAINTED BUNTIG\3.jpg,PAINTED BUNTIG
PAINTED BUNTIG\4.jpg,PAINTED BUNTIG
PAINTED BUNTIG\5.jpg,PAINTED BUNTIG
PARADISE TANAGER\1.jpg,NICOBAR PIGEON
PARADISE TANAGER\2.jpg,PARADISE TANAGER
PARADISE TANAGER\3.jpg,QUETZAL
PARADISE TANAGER\4.jpg,PARADISE TANAGER
PARADISE TANAGER\5.jpg,PARADISE TANAGER
PARUS MAJOR\1.jpg,PARUS MAJOR
PARUS MAJOR\2.jpg,PARUS MAJOR
PARUS MAJOR\3.jpg,PARUS MAJOR
PARUS MAJOR\4.jpg,PARUS MAJOR
PARUS MAJOR\5.jpg,PARUS MAJOR
PEACOCK\1.jpg,PEACOCK
PEACOCK\2.jpg,PEACOCK
PEACOCK\3.jpg,PEACOCK
PEACOCK\4.jpg,QUETZAL
PEACOCK\5.jpg,PEACOCK
PELICAN\1.jpg,CALIFORNIA GULL
PELICAN\2.jpg,OSPREY
PELICAN\3.jpg,JABIRU
PELICAN\4.jpg,SNOWY EGRET
PELICAN\5.jpg,PUFFIN
PEREGRINE FALCON\1.jpg,PEREGRINE FALCON
PEREGRINE FALCON\2.jpg,CALIFORNIA QUAIL
PEREGRINE FALCON\3.jpg,PEREGRINE FALCON
PEREGRINE FALCON\4.jpg,CALIFORNIA QUAIL
PEREGRINE FALCON\5.jpg,PEREGRINE FALCON
PINK ROBIN\1.jpg,PINK ROBIN
PINK ROBIN\2.jpg,PINK ROBIN
PINK ROBIN\3.jpg,PINK ROBIN
PINK ROBIN\4.jpg,PINK ROBIN
PINK ROBIN\5.jpg,PINK ROBIN
PUFFIN\1.jpg,PUFFIN
PUFFIN\2.jpg,PUFFIN
PUFFIN\3.jpg,PUFFIN
PUFFIN\4.jpg,BLACK SKIMMER
PUFFIN\5.jpg,PUFFIN
PURPLE FINCH\1.jpg,PURPLE FINCH
PURPLE FINCH\2.jpg,PURPLE FINCH
PURPLE FINCH\3.jpg,PURPLE FINCH
PURPLE FINCH\4.jpg,PURPLE FINCH
PURPLE FINCH\5.jpg,HOUSE FINCH
PURPLE GALLINULE\1.jpg,PURPLE GALLINULE
PURPLE GALLINULE\2.jpg,COMMON GRACKLE
PURPLE GALLINULE\3.jpg,PURPLE GALLINULE
PURPLE GALLINULE\4.jpg,PURPLE GALLINULE
PURPLE GALLINULE\5.jpg,PURPLE GALLINULE
PURPLE MARTIN\1.jpg,PURPLE MARTIN
PURPLE MARTIN\2.jpg,DARK EYED JUNCO
PURPLE MARTIN\3.jpg,COMMON GRACKLE
PURPLE MARTIN\4.jpg,COMMON GRACKLE
PURPLE MARTIN\5.jpg,PURPLE MARTIN
PURPLE SWAMPHEN\1.jpg,CROWNED PIGEON
PURPLE SWAMPHEN\2.jpg,CHARA DE COLLAR
PURPLE SWAMPHEN\3.jpg,PURPLE SWAMPHEN
PURPLE SWAMPHEN\4.jpg,PURPLE SWAMPHEN
PURPLE SWAMPHEN\5.jpg,PURPLE SWAMPHEN
QUETZAL\1.jpg,QUETZAL
QUETZAL\2.jpg,QUETZAL
QUETZAL\3.jpg,QUETZAL
QUETZAL\4.jpg,QUETZAL
QUETZAL\5.jpg,QUETZAL
RAINBOW LORIKEET\1.jpg,RAINBOW LORIKEET
RAINBOW LORIKEET\2.jpg,RAINBOW LORIKEET
RAINBOW LORIKEET\3.jpg,RAINBOW LORIKEET
RAINBOW LORIKEET\4.jpg,RAINBOW LORIKEET
RAINBOW LORIKEET\5.jpg,PAINTED BUNTIG
RED FACED CORMORANT\1.jpg,MARABOU STORK
RED FACED CORMORANT\2.jpg,RED FACED CORMORANT
RED FACED CORMORANT\3.jpg,RED FACED CORMORANT
RED FACED CORMORANT\4.jpg,RED FACED CORMORANT
RED FACED CORMORANT\5.jpg,RED WINGED BLACKBIRD
RED HEADED WOODPECKER\1.jpg,RED HEADED WOODPECKER
RED HEADED WOODPECKER\2.jpg,RED HEADED WOODPECKER
RED HEADED WOODPECKER\3.jpg,RED HEADED WOODPECKER
RED HEADED WOODPECKER\4.jpg,RED HEADED WOODPECKER
RED HEADED WOODPECKER\5.jpg,RED HEADED WOODPECKER
RED THROATED BEE EATER\1.jpg,RED THROATED BEE EATER
RED THROATED BEE EATER\2.jpg,RED THROATED BEE EATER
RED THROATED BEE EATER\3.jpg,RED THROATED BEE EATER
RED THROATED BEE EATER\4.jpg,RED THROATED BEE EATER
RED THROATED BEE EATER\5.jpg,ROSY FACED LOVEBIRD
RED WINGED BLACKBIRD\1.jpg,RED WINGED BLACKBIRD
RED WINGED BLACKBIRD\2.jpg,RED WINGED BLACKBIRD
RED WINGED BLACKBIRD\3.jpg,ROUGH LEG BUZZARD
RED WINGED BLACKBIRD\4.jpg,RED WINGED BLACKBIRD
RED WINGED BLACKBIRD\5.jpg,COMMON POORWILL
RED WISKERED BULBUL\1.jpg,RING-NECKED PHEASANT
RED WISKERED BULBUL\2.jpg,RED WISKERED BULBUL
RED WISKERED BULBUL\3.jpg,RED WISKERED BULBUL
RED WISKERED BULBUL\4.jpg,RED WISKERED BULBUL
RED WISKERED BULBUL\5.jpg,RED WISKERED BULBUL
RING-NECKED PHEASANT\1.jpg,RING-NECKED PHEASANT
RING-NECKED PHEASANT\2.jpg,RING-NECKED PHEASANT
RING-NECKED PHEASANT\3.jpg,RING-NECKED PHEASANT
RING-NECKED PHEASANT\4.jpg,RING-NECKED PHEASANT
RING-NECKED PHEASANT\5.jpg,BIRD OF PARADISE
ROADRUNNER\1.jpg,ROADRUNNER
ROADRUNNER\2.jpg,ROADRUNNER
ROADRUNNER\3.jpg,ROADRUNNER
ROADRUNNER\4.jpg,ROADRUNNER
ROADRUNNER\5.jpg,COMMON POORWILL
ROBIN\1.jpg,ROBIN
ROBIN\2.jpg,ROBIN
ROBIN\3.jpg,ROBIN
ROBIN\4.jpg,ROBIN
ROBIN\5.jpg,ROBIN
ROSY FACED LOVEBIRD\1.jpg,ROSY FACED LOVEBIRD
ROSY FACED LOVEBIRD\2.jpg,ROSY FACED LOVEBIRD
ROSY FACED LOVEBIRD\3.jpg,ROSY FACED LOVEBIRD
ROSY FACED LOVEBIRD\4.jpg,ROSY FACED LOVEBIRD
ROSY FACED LOVEBIRD\5.jpg,ROSY FACED LOVEBIRD
ROUGH LEG BUZZARD\1.jpg,ROUGH LEG BUZZARD
ROUGH LEG BUZZARD\2.jpg,ROUGH LEG BUZZARD
ROUGH LEG BUZZARD\3.jpg,COMMON POORWILL
ROUGH LEG BUZZARD\4.jpg,COMMON STARLING
ROUGH LEG BUZZARD\5.jpg,ROUGH LEG BUZZARD
RUBY THROATED HUMMINGBIRD\1.jpg,RUBY THROATED HUMMINGBIRD
RUBY THROATED HUMMINGBIRD\2.jpg,ANNAS HUMMINGBIRD
RUBY THROATED HUMMINGBIRD\3.jpg,ANNAS HUMMINGBIRD
RUBY THROATED HUMMINGBIRD\4.jpg,RUBY THROATED HUMMINGBIRD
RUBY THROATED HUMMINGBIRD\5.jpg,RUBY THROATED HUMMINGBIRD
SAND MARTIN\1.jpg,SAND MARTIN
SAND MARTIN\2.jpg,GREY PLOVER
SAND MARTIN\3.jpg,ROUGH LEG BUZZARD
SAND MARTIN\4.jpg,PURPLE FINCH
SAND MARTIN\5.jpg,SAND MARTIN
SCARLET IBIS\1.jpg,SCARLET IBIS
SCARLET IBIS\2.jpg,NORTHERN CARDINAL
SCARLET IBIS\3.jpg,SCARLET IBIS
SCARLET IBIS\4.jpg,SCARLET IBIS
SCARLET IBIS\5.jpg,ROSY FACED LOVEBIRD
SCARLET MACAW\1.jpg,SCARLET MACAW
SCARLET MACAW\2.jpg,SCARLET MACAW
SCARLET MACAW\3.jpg,SCARLET MACAW
SCARLET MACAW\4.jpg,SCARLET MACAW
SCARLET MACAW\5.jpg,SCARLET MACAW
SNOWY EGRET\1.jpg,COCKATOO
SNOWY EGRET\2.jpg,GRAY CATBIRD
SNOWY EGRET\3.jpg,TRUMPTER SWAN
SNOWY EGRET\4.jpg,COCKATOO
SNOWY EGRET\5.jpg,COCKATOO
SPLENDID WREN\1.jpg,CHARA DE COLLAR
SPLENDID WREN\2.jpg,SPLENDID WREN
SPLENDID WREN\3.jpg,SPLENDID WREN
SPLENDID WREN\4.jpg,SPLENDID WREN
SPLENDID WREN\5.jpg,SPLENDID WREN
STORK BILLED KINGFISHER\1.jpg,STORK BILLED KINGFISHER
STORK BILLED KINGFISHER\2.jpg,STORK BILLED KINGFISHER
STORK BILLED KINGFISHER\3.jpg,STORK BILLED KINGFISHER
STORK BILLED KINGFISHER\4.jpg,STORK BILLED KINGFISHER
STORK BILLED KINGFISHER\5.jpg,STORK BILLED KINGFISHER
STRAWBERRY FINCH\1.jpg,STRAWBERRY FINCH
STRAWBERRY FINCH\2.jpg,STRAWBERRY FINCH
STRAWBERRY FINCH\3.jpg,STRAWBERRY FINCH
STRAWBERRY FINCH\4.jpg,STRAWBERRY FINCH
STRAWBERRY FINCH\5.jpg,STRAWBERRY FINCH
TEAL DUCK\1.jpg,ROADRUNNER
TEAL DUCK\2.jpg,BROWN THRASHER
TEAL DUCK\3.jpg,BAR-TAILED GODWIT
TEAL DUCK\4.jpg,MALLARD DUCK
TEAL DUCK\5.jpg,TURQUOISE MOTMOT
TIT MOUSE\1.jpg,TIT MOUSE
TIT MOUSE\2.jpg,TIT MOUSE
TIT MOUSE\3.jpg,BELTED KINGFISHER
TIT MOUSE\4.jpg,HOUSE SPARROW
TIT MOUSE\5.jpg,TIT MOUSE
TOUCHAN\1.jpg,BLACK SWAN
TOUCHAN\2.jpg,CURL CRESTED ARACURI
TOUCHAN\3.jpg,TOUCHAN
TOUCHAN\4.jpg,TOUCHAN
TOUCHAN\5.jpg,STORK BILLED KINGFISHER
TRUMPTER SWAN\1.jpg,TRUMPTER SWAN
TRUMPTER SWAN\2.jpg,TRUMPTER SWAN
TRUMPTER SWAN\3.jpg,TRUMPTER SWAN
TRUMPTER SWAN\4.jpg,TRUMPTER SWAN
TRUMPTER SWAN\5.jpg,TRUMPTER SWAN
TURKEY VULTURE\1.jpg,TURKEY VULTURE
TURKEY VULTURE\2.jpg,COCKATOO
TURKEY VULTURE\3.jpg,HAWAIIAN GOOSE
TURKEY VULTURE\4.jpg,PURPLE FINCH
TURKEY VULTURE\5.jpg,CALIFORNIA CONDOR
TURQUOISE MOTMOT\1.jpg,TURQUOISE MOTMOT
TURQUOISE MOTMOT\2.jpg,TURQUOISE MOTMOT
TURQUOISE MOTMOT\3.jpg,TURQUOISE MOTMOT
TURQUOISE MOTMOT\4.jpg,TURQUOISE MOTMOT
TURQUOISE MOTMOT\5.jpg,TURQUOISE MOTMOT
VARIED THRUSH\1.jpg,VARIED THRUSH
VARIED THRUSH\2.jpg,VARIED THRUSH
VARIED THRUSH\3.jpg,BLACKBURNIAM WARBLER
VARIED THRUSH\4.jpg,VARIED THRUSH
VARIED THRUSH\5.jpg,VARIED THRUSH
VENEZUELIAN TROUPIAL\1.jpg,BALTIMORE ORIOLE
VENEZUELIAN TROUPIAL\2.jpg,GOULDIAN FINCH
VENEZUELIAN TROUPIAL\3.jpg,BALTIMORE ORIOLE
VENEZUELIAN TROUPIAL\4.jpg,BALTIMORE ORIOLE
VENEZUELIAN TROUPIAL\5.jpg,VENEZUELIAN TROUPIAL
VERMILION FLYCATHER\1.jpg,VERMILION FLYCATHER
VERMILION FLYCATHER\2.jpg,VERMILION FLYCATHER
VERMILION FLYCATHER\3.jpg,VERMILION FLYCATHER
VERMILION FLYCATHER\4.jpg,VERMILION FLYCATHER
VERMILION FLYCATHER\5.jpg,VERMILION FLYCATHER
VIOLET GREEN SWALLOW\1.jpg,VIOLET GREEN SWALLOW
VIOLET GREEN SWALLOW\2.jpg,VIOLET GREEN SWALLOW
VIOLET GREEN SWALLOW\3.jpg,VIOLET GREEN SWALLOW
VIOLET GREEN SWALLOW\4.jpg,VIOLET GREEN SWALLOW
VIOLET GREEN SWALLOW\5.jpg,VIOLET GREEN SWALLOW
WESTERN MEADOWLARK\1.jpg,WESTERN MEADOWLARK
WESTERN MEADOWLARK\2.jpg,WESTERN MEADOWLARK
WESTERN MEADOWLARK\3.jpg,WESTERN MEADOWLARK
WESTERN MEADOWLARK\4.jpg,CAPE MAY WARBLER
WESTERN MEADOWLARK\5.jpg,WESTERN MEADOWLARK
WILSONS BIRD OF PARADISE\1.jpg,WILSONS BIRD OF PARADISE
WILSONS BIRD OF PARADISE\2.jpg,WILSONS BIRD OF PARADISE
WILSONS BIRD OF PARADISE\3.jpg,WILSONS BIRD OF PARADISE
WILSONS BIRD OF PARADISE\4.jpg,WILSONS BIRD OF PARADISE
WILSONS BIRD OF PARADISE\5.jpg,WILSONS BIRD OF PARADISE
WOOD DUCK\1.jpg,WOOD DUCK
WOOD DUCK\2.jpg,BIRD OF PARADISE
WOOD DUCK\3.jpg,WOOD DUCK
WOOD DUCK\4.jpg,WOOD DUCK
WOOD DUCK\5.jpg,WOOD DUCK
YELLOW HEADED BLACKBIRD\1.jpg,YELLOW HEADED BLACKBIRD
YELLOW HEADED BLACKBIRD\2.jpg,GOLDEN EAGLE
YELLOW HEADED BLACKBIRD\3.jpg,YELLOW HEADED BLACKBIRD
YELLOW HEADED BLACKBIRD\4.jpg,COUCHS KINGBIRD
YELLOW HEADED BLACKBIRD\5.jpg,YELLOW HEADED BLACKBIRD
